{"cameraMode":{"drawMode":0,"name":"Shaded","section":"Shading Mode"},"sceneLighting":true,"audioPlay":false,"sceneViewState":{"m_AlwaysRefresh":false,"showFog":true,"showSkybox":true,"showFlares":true,"showImageEffects":true,"showParticleSystems":true,"showVisualEffectGraphs":true,"m_FxEnabled":true},"in2DMode":false,"pivot":{"x":1999.4024658203125,"y":5.671247959136963,"z":2005.494384765625},"rotation":{"x":-0.12418530881404877,"y":-0.017998456954956056,"z":-0.0037256295327097179,"w":0.9925522208213806},"size":7.944356918334961,"orthographic":false}